month,drug_category,actual_sales,lag_1_sales,rolling_3_sales,naive_last_period,moving_average_3,linear_regression,ridge_regression,lightgbm,ridge_lightgbm_residual
2025-08,Antivirals,14166.41,16960.54,19312.036666666667,16960.54,19312.036666666667,18419.178993731595,18643.811669361497,17797.639619057132,16619.653206468047
2025-08,Bone Health,9478.51,10821.21,11665.51,10821.21,11665.51,15290.152653007031,13863.634803049015,14305.12631390184,12983.385483222723
2025-08,Smoking Cessation,191937.01,241869.32,195576.69333333336,241869.32,195576.69333333336,188583.63329454025,186422.8110221106,187677.16399711877,187514.20755961226
2025-08,Dermatology,122670.65,111428.2,113742.05666666666,111428.2,113742.05666666666,101241.36427606776,103765.89030993592,129921.13821907558,120846.15069151201
2025-08,Respiratory,10130.24,11966.77,17029.333333333332,11966.77,17029.333333333332,20677.667917955645,19927.303113158847,15513.207872220975,17247.392024886612
2025-08,Critical Care,22241.02,21470.34,32307.336666666666,21470.34,32307.336666666666,32874.079063727026,32860.88551743862,28123.55059824429,31617.739039910066
2025-08,Rheumatology,24314.22,20067.65,27300.22,20067.65,27300.22,29640.723144717183,29515.49883495852,23964.742487244548,25001.307776454854
2025-08,Anticoagulants,104255.71,157140.06,134313.30000000002,157140.06,134313.30000000002,113764.75998286129,121481.23468359852,127759.79769343039,111340.71013224774
2025-08,Sleep Care,819.29,697.53,651.0000000000001,697.53,651.0000000000001,2090.5350542739757,1303.770956864895,1606.750321857275,0.0
2025-08,Dental Care,105032.0,157778.5,119789.50666666667,157778.5,119789.50666666667,94509.75156404283,103385.09310266601,110331.03724262788,101745.72117761431
2025-08,Rare Disease,100300.09,115148.82,155091.28333333333,115148.82,155091.28333333333,136786.81837128304,143326.431601504,184463.65490472753,166379.57230350722
2025-08,Antifungals,19345.010000000002,35765.21,37449.253333333334,35765.21,37449.253333333334,41176.77638926693,40096.42887765107,39921.71180632209,36749.39664693548
2025-08,Renal Care,25626.760000000002,36909.11,31524.52666666667,36909.11,31524.52666666667,24538.28589679331,26038.180500454113,27561.525072964858,22093.658253179754
2025-08,Antiplatelets,16645.69,14942.51,19223.59,14942.51,19223.59,24214.874465267796,22543.096043946727,18041.39033105088,21112.30743398418
2025-08,Urology,19883.79,21958.8,30378.833333333332,21958.8,30378.833333333332,30500.421882739014,30126.257795438996,31849.34257508371,27116.881531019433
2025-08,Cough Cold,330.83,173.83,577.59,173.83,577.59,5154.605555525359,4764.46517416687,1606.750321857275,3155.717009350179
2025-08,Antidiabetics,21909.82,27436.12,26696.78,27436.12,26696.78,25783.199211445764,26157.017197968467,23784.512620393292,19351.440095369435
2025-08,Cardiology,24094.46,22112.16,23564.149999999998,22112.16,23564.149999999998,24293.53807199193,24248.73795343363,19533.818782644135,20166.80215399942
2025-08,Antihistamines,108057.1,146614.2,123003.97333333334,146614.2,123003.97333333334,128233.20620567071,127223.82107797194,131050.70443439434,130623.44983697377
2025-08,Emergency Care,20568.37,35748.48,26050.74,35748.48,26050.74,23389.00496685936,23121.599884502466,27570.114045641156,23929.98218008246
2025-08,Anti-tubercular,14314.85,21585.27,21325.806666666667,21585.27,21325.806666666667,18602.260746855554,19705.075180428248,19671.50674978776,19974.228428238996
2025-08,Insulin,6496.34,4414.77,5407.526666666667,4414.77,5407.526666666667,9633.382915323016,8416.398038272315,5275.5563998197695,6294.6170637548075
2025-08,Nephrology,9598.460000000001,11987.53,15515.94,11987.53,15515.94,16708.32196636205,17073.950319093918,15412.279008255437,14567.26208604755
2025-08,Hormonal Therapy,19850.5,28860.96,25684.603333333333,28860.96,25684.603333333333,23362.026629473065,23580.423490428824,25134.29586678127,19971.67900137064
2025-08,Pediatrics,20704.84,23088.08,18607.263333333332,23088.08,18607.263333333332,12876.336499407511,14466.542869015362,17915.570517227658,13807.255050373227
2025-08,Analgesics,29496.89,12581.029999999999,21283.70666666667,12581.029999999999,21283.70666666667,31314.201122674593,28261.9315908884,20824.19708639137,25831.37033962325
2025-08,Gastrointestinal,14185.039999999999,20239.94,23841.096666666665,20239.94,23841.096666666665,26692.28604742388,25638.848278419853,20807.421630462213,23752.997614744087
2025-08,Oncology Support,190.86,1730.75,1484.9033333333334,1730.75,1484.9033333333334,654.5354257175045,1021.3240565244657,1745.1665872827998,0.0
2025-08,Oral Rehydration,194087.94,161240.24,195812.1433333333,161240.24,195812.1433333333,173655.83843873633,180765.6927921176,181217.81160600568,183582.57952620677
2025-08,Endocrinology,83576.42,97254.44,101821.54666666668,97254.44,101821.54666666668,99298.96023511825,99906.3475161796,104436.32314861371,104153.26382719897
2025-08,Vitamins,31444.82,27689.510000000002,36031.20333333334,27689.510000000002,36031.20333333334,36306.03887273808,36980.33002158407,32662.474440808353,35330.482450915086
2025-08,Immunology,94623.61,100066.05,84678.57666666668,100066.05,84678.57666666668,77001.24812728046,78559.9409034389,98930.08917456258,85460.79026622875
2025-08,Pain Management,136595.36000000002,184393.74,148893.55000000002,184393.74,148893.55000000002,146476.8640385648,147319.94966825048,143444.03473533178,156942.32345531622
2025-08,Women Health,17849.56,20294.26,20544.63,20294.26,20544.63,25730.68446713981,23739.94019377011,18689.388418947037,22031.05789010112
2025-08,Neurology,25872.6,24727.239999999998,32367.05,24727.239999999998,32367.05,36356.3039822976,35483.65994364712,28535.17151970961,33686.36358273566
2025-08,Anti-malarial,76499.37,161022.42,136669.26666666666,161022.42,136669.26666666666,131852.34614634133,130622.26901459994,139196.8259316071,132014.2913871143
2025-08,Hypertension,34216.49,30883.54,26607.593333333334,30883.54,26607.593333333334,29371.933634770157,27521.508852573916,27709.866629912067,27369.078453755978
2025-08,Geriatrics,10767.56,16555.72,17603.443333333333,16555.72,17603.443333333333,17069.8312756128,17213.131014584564,17355.356713580735,12767.751482143485
2025-08,Anti-inflammatory,10819.09,18090.46,20086.42,18090.46,20086.42,13014.22630319814,15802.076585834666,20476.956276335677,13725.615661043594
2025-08,Lipid Management,380.11,97.75,368.78999999999996,97.75,368.78999999999996,4497.0916138677785,2428.5148915104282,1606.750321857275,832.1664446845962
2025-08,Antibiotics,1976.04,2146.88,1891.3133333333335,2146.88,1891.3133333333335,3674.219733189744,2511.4466562803345,1609.7846583124783,915.0982094545025
2025-08,Anesthesia,20589.68,20578.84,18552.546666666665,20578.84,18552.546666666665,21128.425381794925,19973.73977702799,17540.968814767435,18432.11870763563
2025-08,Medical Nutrition,9042.74,10401.039999999999,13080.293333333333,10401.039999999999,13080.293333333333,12999.907230868122,13760.882566745493,13442.932796769646,12031.382982956751
2025-08,Psychiatry,11466.98,14219.75,18889.25,14219.75,18889.25,21369.827874233262,20668.91825294937,17747.48511907091,17985.36802238681
2025-08,Diagnostic Aids,17238.59,9589.720000000001,18074.79333333333,9589.720000000001,18074.79333333333,26123.21257823305,22364.246489738423,18548.80265509814,20820.056564097165
2025-08,Wound Care,14930.279999999999,17464.18,16929.3,17464.18,16929.3,19469.486530852897,17602.370472097122,15758.788246773374,17552.46880232337
2025-08,Vaccines,23540.07,33582.84,24499.47333333333,33582.84,24499.47333333333,21690.916341335887,21740.776654350146,22873.918606093594,22237.37267803173
2025-08,Hepatology,814.39,526.72,848.8666666666667,526.72,848.8666666666667,3262.9427272434414,2066.047904516403,1606.750321857275,469.69945769057085
2025-08,Probiotics,196025.47999999998,195736.76,229532.05666666667,195736.76,229532.05666666667,210142.61463550717,219143.41267156586,199202.4772785425,229455.9543682143
2025-08,Weight Management,49572.34,35040.04,46990.34666666667,35040.04,46990.34666666667,48746.249896738846,47977.96640574431,36977.289695182815,41149.36610686105
2025-08,Liver Care,73719.19,143108.4,122976.21666666667,143108.4,122976.21666666667,109484.9112882078,113876.56240447145,158064.43069817408,126973.54527916324
2025-08,Diuretics,138372.16,180381.38,141501.18000000002,180381.38,141501.18000000002,123471.2493667019,132358.35385397862,120581.42593151376,123806.26737837345
2025-08,Minerals,16488.97,17764.37,18796.99,17764.37,18796.99,20592.452693563293,19982.92388994331,17097.006315815906,15531.652775989432
2025-08,Ophthalmology,28965.96,25687.41,27259.516666666666,25687.41,27259.516666666666,14637.777982996819,19454.1859554613,21065.830486538227,18311.51094192821
2025-08,ENT,16676.81,23385.97,23755.59,23385.97,23755.59,23126.243321811995,22491.020028577823,21999.32189314241,21130.334583483647
2025-08,Allergy,19147.34,11132.16,20280.51,11132.16,20280.51,25771.793053843558,24199.4683941966,19249.535104353916,20245.43249087321
2025-08,Fertility,26457.59,32772.17,45857.939999999995,32772.17,45857.939999999995,41470.998392098336,42577.19911058037,37206.129351252726,38673.834608647485
2025-09,Oncology Support,1043.16,190.86,1019.7800000000001,190.86,1019.7800000000001,6371.859463641623,3817.3800423050916,1606.750321857275,2221.0315954792595
2025-09,Bone Health,13742.06,9478.51,9639.42,9478.51,9639.42,14020.615961297774,12621.827160655492,11284.730766789497,11864.968724198521
2025-09,Smoking Cessation,161403.61000000002,191937.01,188954.55000000002,191937.01,188954.55000000002,189786.54280465803,191682.3566336366,161374.40938822352,185292.62227903403
2025-09,Hypertension,27842.95,34216.49,29854.789999999997,34216.49,29854.789999999997,29497.48616918355,28686.622121278753,24400.269329808893,23716.07941684233
2025-09,Hormonal Therapy,20972.73,19850.5,25392.486666666664,19850.5,25392.486666666664,25545.0568063176,26214.51718819401,21402.942442633648,21580.556228382786
2025-09,Antibiotics,1925.6,1976.04,2030.6066666666668,1976.04,2030.6066666666668,2424.9043533013205,1787.6595569628216,1657.649198641815,57.780318221882
2025-09,Analgesics,15040.36,29496.89,20819.22,29496.89,20819.22,25594.75601708244,21873.70275717945,21374.244056355088,24090.042297020856
2025-09,Wound Care,13005.75,14930.279999999999,13299.883333333331,14930.279999999999,13299.883333333331,17951.685883905142,16411.86045370154,15369.752258769571,15105.98727242058
2025-09,Sleep Care,594.35,819.29,556.88,819.29,556.88,2199.3825203296287,1013.4738786131109,1606.750321857275,0.0
2025-09,Liver Care,108382.23,73719.19,108548.59666666668,73719.19,108548.59666666668,115645.78363355409,112749.01350189981,118102.71971003797,113876.20129813823
2025-09,Minerals,13353.58,16488.97,19166.816666666666,16488.97,19166.816666666666,24562.313568970083,22372.260953925255,18463.491716318465,21624.873608322843
2025-09,Lipid Management,324.27,380.11,253.16666666666666,380.11,253.16666666666666,4225.34107281216,3111.47977098761,1606.750321857275,1502.7316061709191
2025-09,Allergy,15833.33,19147.34,18148.086666666666,19147.34,18148.086666666666,16511.66687272338,16286.917267320421,17155.370482578775,15089.079410481358
2025-09,Antiplatelets,13206.939999999999,16645.69,15719.216666666665,16645.69,15719.216666666665,21797.939879783193,19727.279581241415,16410.789820266502,19400.53943259906
2025-09,Antifungals,29519.32,19345.010000000002,34904.82666666667,19345.010000000002,34904.82666666667,36076.276124043696,36383.017245752715,27715.128850974615,32095.20671320866
2025-09,Insulin,2283.23,6496.34,5863.06,6496.34,5863.06,6174.701070698166,5819.421056684839,6336.169328537248,4694.84597894776
2025-09,Nephrology,26149.34,9598.460000000001,12916.383333333331,9598.460000000001,12916.383333333331,16732.227106165305,16110.197110041236,14858.415503826793,14436.01268161467
2025-09,Women Health,21512.12,17849.56,19223.52,17849.56,19223.52,22907.509232944776,21572.82805197539,17290.05665264296,18277.096329658965
2025-09,Anesthesia,17353.86,20589.68,19292.52,20589.68,19292.52,18384.83552866567,18408.99082243232,17036.854168855596,18332.350980822142
2025-09,Immunology,75011.41,94623.61,86461.50333333334,94623.61,86461.50333333334,82733.09861352365,85224.3516189731,81911.91079415499,81682.25659021648
2025-09,Rheumatology,26833.97,24314.22,27218.853333333336,24314.22,27218.853333333336,25957.345348044462,25450.50593882949,21055.65399334433,25172.878375958968
2025-09,Neurology,35487.0,25872.6,29992.42333333333,25872.6,29992.42333333333,35996.631676936246,33597.82705662971,28730.465035697565,29319.89804716126
2025-09,Antivirals,17761.1,14166.41,16186.233333333332,14166.41,16186.233333333332,20538.193215814284,19322.199173039986,15688.227470318689,17178.190238111354
2025-09,Antidiabetics,15035.37,21909.82,26888.119999999995,21909.82,26888.119999999995,24708.605297324164,26188.64358644181,23012.660307704864,23701.72773861061
2025-09,Ophthalmology,18300.92,28965.96,28027.829999999998,28965.96,28027.829999999998,14042.797071820814,18513.38246513836,21509.88144701379,17488.410946694054
2025-09,Dental Care,85149.71,105032.0,121077.24333333333,105032.0,121077.24333333333,102225.16709982006,109351.87222476641,117033.22813620087,107521.46143127182
2025-09,ENT,15415.02,16676.81,19445.953333333335,16676.81,19445.953333333335,24289.135040501587,22859.58722652969,17549.530514752616,18286.90931726018
2025-09,Anticoagulants,67077.56,104255.71,130365.32666666668,104255.71,130365.32666666668,117828.65379781996,122197.97819441873,119382.87186286667,122195.19683536104
2025-09,Anti-tubercular,8622.630000000001,14314.85,18502.093333333334,14314.85,18502.093333333334,25600.47647716363,23585.127724958686,18305.84015126013,20457.706911061152
2025-09,Pediatrics,13186.12,20704.84,20190.52666666667,20704.84,20190.52666666667,13159.031448556847,15666.78420248853,18745.98278349146,13014.77713253717
2025-09,Urology,28407.04,19883.79,25341.440000000002,19883.79,25341.440000000002,29473.180824936353,27807.195031897118,19578.651364937225,24131.456963656867
2025-09,Critical Care,19636.51,22241.02,27567.166666666668,22241.02,27567.166666666668,30690.36633970041,29434.170804458347,26603.538651694667,31071.632960177132
2025-09,Respiratory,15298.85,10130.24,13040.596666666666,10130.24,13040.596666666666,19111.231815128536,17396.72292708122,14786.540421197795,15213.04791239414
2025-09,Antihistamines,79589.93,108057.1,126470.21333333333,108057.1,126470.21333333333,125192.68292037638,126905.25353424538,153645.5316138372,143015.7754903848
2025-09,Emergency Care,20208.94,20568.37,26296.089999999997,20568.37,26296.089999999997,25926.022901663728,27431.003930321283,22732.083502675294,22461.07450481451
2025-09,Diuretics,119681.84,138372.16,151883.22333333333,138372.16,151883.22333333333,124550.28366575559,135544.82437884767,192481.74991051058,155889.67298866564
2025-09,Pain Management,186976.66,136595.36000000002,136967.00000000003,136595.36000000002,136967.00000000003,154641.49328383603,150693.385643741,154300.85155270036,159072.5092007278
2025-09,Endocrinology,72103.2,83576.42,96077.27999999998,83576.42,96077.27999999998,96307.87164740423,96203.55544392177,105027.11735846197,103313.13810715891
2025-09,Vitamins,37787.78,31444.82,35626.80666666667,31444.82,35626.80666666667,34705.994165037104,34492.16521788704,32155.30285555266,31442.798966941584
2025-09,Medical Nutrition,7347.94,9042.74,11458.903333333334,9042.74,11458.903333333334,13493.264106009601,12767.45739925633,14994.272185642183,10906.08413484099
2025-09,Renal Care,26479.49,25626.760000000002,30602.860000000004,25626.760000000002,30602.860000000004,27129.40997703987,28696.952173874208,24841.85751277857,23737.78598397564
2025-09,Rare Disease,139497.45,100300.09,134717.76666666666,100300.09,134717.76666666666,123921.13855893585,125399.36676712599,164578.38695851556,148125.65364737372
2025-09,Anti-malarial,95504.08,76499.37,118100.70333333332,76499.37,118100.70333333332,115705.3000395137,121084.79661826318,120779.17502632362,131211.17431569326
2025-09,Dermatology,105294.29,122670.65,114980.72666666667,122670.65,114980.72666666667,102704.28065102772,105766.51955548949,129624.68396853069,124308.76298825355
2025-09,Weight Management,45460.89,49572.34,46066.05333333334,49572.34,46066.05333333334,40199.7153880897,41059.003701058195,29244.55710746612,37029.92207825196
2025-09,Hepatology,192.26,814.39,710.1833333333334,814.39,710.1833333333334,931.5050665510212,751.4251427578567,1612.3864283201237,0.0
2025-09,Psychiatry,14075.08,11466.98,16470.143333333337,11466.98,16470.143333333337,18831.79541314124,18317.51367203448,15693.300864419529,16912.66136164003
2025-09,Probiotics,198396.86,196025.47999999998,218012.03666666665,196025.47999999998,218012.03666666665,199800.42509758795,206087.47702610548,199640.69740332672,216338.16277347438
2025-09,Cardiology,13913.25,24094.46,24349.88666666667,24094.46,24349.88666666667,26804.645145942024,25401.851488322674,18209.45061674859,24677.755536669563
2025-09,Geriatrics,13718.87,10767.56,16751.38,10767.56,16751.38,18806.734678318473,18473.55033233673,15535.783110736716,16258.640532143516
2025-09,Gastrointestinal,23276.3,14185.039999999999,18559.706666666665,14185.039999999999,18559.706666666665,22326.90851777598,21806.55742632403,17099.72637515177,18500.111134035298
2025-09,Oral Rehydration,132820.37,194087.94,194338.27666666664,194087.94,194338.27666666664,169006.39530535133,173784.30489703338,141469.4654794701,165756.83702682878
2025-09,Diagnostic Aids,22357.28,17238.59,14233.683333333334,17238.59,14233.683333333334,20805.361059818835,18018.06578116193,17736.75124969753,16717.64255457664
2025-09,Vaccines,20854.41,23540.07,27263.46333333333,23540.07,27263.46333333333,28890.34065921383,28193.01695309539,21865.846637326656,23074.724664905378
2025-09,Fertility,50122.05,26457.59,32527.609999999997,26457.59,32527.609999999997,41941.83259640107,39191.20575790495,29952.536774228352,34272.53770083966
2025-09,Anti-inflammatory,15164.53,10819.09,17470.0,10819.09,17470.0,17648.416418095043,18587.059072347874,16703.235266081698,15333.1879076314
2025-10,Vaccines,17387.24,20854.41,25992.44,20854.41,25992.44,26276.0844374204,26391.60260977378,23399.66552719801,22697.256319281096
2025-10,Antifungals,24267.649999999998,29519.32,28209.846666666668,29519.32,28209.846666666668,33708.69859173805,31680.26740566696,28694.354594289096,32892.93956007712
2025-10,Wound Care,9529.380000000001,13005.75,15133.40333333333,13005.75,15133.40333333333,19768.189130583094,18286.591015049198,16208.06874147429,17387.240535226185
2025-10,Weight Management,33216.61,45460.89,43357.75666666666,45460.89,43357.75666666666,46436.70091393148,45429.131492602515,43427.0853549804,45577.77398431853
2025-10,Women Health,16519.79,21512.12,19885.313333333335,21512.12,19885.313333333335,19957.63294106712,19905.60049883191,19064.4476857517,19960.5471431428
2025-10,Allergy,18079.86,15833.33,15370.943333333335,15833.33,15370.943333333335,18186.438851179086,17905.54151317907,16255.689340522347,15077.558355911882
2025-10,Anticoagulants,121412.3,67077.56,109491.11,67077.56,109491.11,113269.34975413194,109669.25378947964,116888.62275284066,114337.70810018928
2025-10,Urology,15859.47,28407.04,23416.543333333335,28407.04,23416.543333333335,25517.134810101285,24665.894100454385,21596.406683062414,23236.778944730642
2025-10,Anti-malarial,95993.91,95504.08,111008.62333333334,95504.08,111008.62333333334,109606.21461314008,109717.17319954076,127348.22585014612,125470.98962269835
2025-10,Vitamins,28748.04,37787.78,32307.370000000006,37787.78,32307.370000000006,33661.54784839584,32910.285712838755,32288.612852001632,27160.994180154048
2025-10,Analgesics,21806.93,15040.36,19039.42666666667,15040.36,19039.42666666667,28528.44076536113,26484.339364956915,17292.99607069127,20364.81740245798
2025-10,Anti-inflammatory,13630.01,15164.53,14691.359999999999,15164.53,14691.359999999999,14024.15581903629,14382.151207088906,15894.565496193562,13680.451453174715
2025-10,Smoking Cessation,172295.44,161403.61000000002,198403.31333333335,161403.61000000002,198403.31333333335,177218.58742722354,183280.34229580496,195696.7167915449,191839.89480688336
2025-10,Antibiotics,2244.86,1925.6,2016.1733333333334,1925.6,2016.1733333333334,31.837638204600296,2500.105966420778,742.0647349924316,565.4635573802855
2025-10,Anesthesia,15949.18,17353.86,19507.460000000003,17353.86,19507.460000000003,16815.154099167543,18107.00151215716,18312.77649262755,15347.113074712111
2025-10,Antidiabetics,11691.08,15035.37,21460.436666666665,15035.37,21460.436666666665,22721.039755878814,23949.131234809312,19466.94004287535,20129.827357184116
2025-10,Anti-tubercular,5364.41,8622.630000000001,14840.916666666666,8622.630000000001,14840.916666666666,27888.23985321593,23913.37317234672,16479.292088658633,22429.305403721824
2025-10,Medical Nutrition,13628.92,7347.94,8930.573333333332,7347.94,8930.573333333332,11389.621127447908,11674.404253730225,8378.873431236596,9666.792999427982
2025-10,Rare Disease,160039.83000000002,139497.45,118315.45333333332,139497.45,118315.45333333332,130954.32228339215,126322.64919105466,139702.55271541202,141174.45808495762
2025-10,Cough Cold,221.47,330.83,431.39333333333343,330.83,431.39333333333343,4751.897235682129,3365.8722685543144,1606.750321857275,1980.8107770979218
2025-10,Hypertension,15493.68,27842.95,30980.993333333332,27842.95,30980.993333333332,30176.924247090534,30482.50007730618,27167.45203943025,28394.168204459133
2025-10,Cardiology,19320.03,13913.25,20039.95666666667,13913.25,20039.95666666667,27269.91206659198,25930.273535235465,19212.88462261509,21467.446309228253
2025-10,Fertility,33302.99,50122.05,36450.60333333333,50122.05,36450.60333333333,39220.81814196326,37904.48798100337,33906.06658531157,42898.810599648146
2025-10,Diagnostic Aids,21191.71,22357.28,16395.196666666667,22357.28,16395.196666666667,18985.34328106631,18054.257649291485,18420.69669444909,17980.097711197246
2025-10,Hormonal Therapy,26510.71,20972.73,23228.063333333335,20972.73,23228.063333333335,25641.65417403926,24943.906383190442,20629.080771279572,22429.648983799354
2025-10,Oncology Support,728.06,1043.16,988.2566666666668,1043.16,988.2566666666668,577.2217812758377,1118.784244739373,1612.3864283201237,0.0
2025-10,Psychiatry,15017.52,14075.08,13253.936666666668,14075.08,13253.936666666668,18324.54589918445,16795.149215987138,15170.138061109214,14929.046880529808
2025-10,Respiratory,20324.54,15298.85,12465.286666666667,15298.85,12465.286666666667,16976.475755568397,15019.01364431746,15030.919171597638,13889.745285743928
2025-10,Renal Care,42829.97,26479.49,29671.786666666667,26479.49,29671.786666666667,26265.61098913292,27342.892936009146,26357.662847531967,23613.21800889575
2025-10,Critical Care,22026.48,19636.51,21115.956666666665,19636.51,21115.956666666665,32033.686265383356,28357.976391500993,21709.21436893013,25607.05214166725
2025-10,Oral Rehydration,188085.24,132820.37,162716.18333333332,132820.37,162716.18333333332,161774.1576511598,163956.95383444327,188605.20663012192,177480.05295388537
2025-10,Hepatology,529.25,192.26,511.1233333333333,192.26,511.1233333333333,7368.0305695203,4358.808160845702,1606.750321857275,2762.4597140198703
2025-10,Gastrointestinal,23263.19,23276.3,19233.76,23276.3,19233.76,19224.894017698516,18945.28271351018,18762.82909156529,18435.669183046684
2025-10,Geriatrics,15235.92,13718.87,13680.716666666667,13718.87,13680.716666666667,13722.158036722669,13967.047748133647,15683.211722908145,12933.072662906454
2025-10,Dental Care,107119.77,85149.71,115986.73666666668,85149.71,115986.73666666668,92663.23876711213,99126.65057964796,123262.3840991581,107866.78251935527
2025-10,Ophthalmology,17087.7,18300.92,24318.096666666665,18300.92,24318.096666666665,17556.008871989157,20957.975908886903,18155.164698953693,14511.754908969282
2025-10,ENT,17829.42,15415.02,18492.600000000002,15415.02,18492.600000000002,24160.98623214557,22542.62198039584,16082.483141835808,20201.015234922186
2025-10,Neurology,27728.579999999998,35487.0,28695.61333333333,35487.0,28695.61333333333,37536.49799887734,33813.82236816821,32329.09982381535,29786.742873079475
2025-10,Dermatology,92088.65,105294.29,113131.04666666665,105294.29,113131.04666666665,98537.9065362403,103476.04729010268,126933.88739188822,109599.3485675694
2025-10,Antivirals,13258.34,17761.1,16296.016666666668,17761.1,16296.016666666668,18911.5323321317,18454.785489974365,15494.374625762715,16084.458405392223
2025-10,Liver Care,138298.96,108382.23,108403.27333333333,108382.23,108403.27333333333,105500.93624963504,104536.35627359789,129311.90340651268,111609.86623566634
2025-10,Antihistamines,87146.34,79589.93,111420.40999999999,79589.93,111420.40999999999,119276.15173767322,116793.2171991385,126856.50987796171,121769.30280279994
2025-10,Lipid Management,87.47,324.27,267.37666666666667,324.27,267.37666666666667,2787.81333813689,2063.7020189798777,1606.750321857275,631.8571773294836
2025-10,Immunology,30029.4,75011.41,89900.35666666667,75011.41,89900.35666666667,76579.21431916059,81076.67084207723,106023.38869621027,88923.82657275302
2025-10,Pain Management,146942.37,186976.66,169321.92000000004,186976.66,169321.92000000004,147014.98096350307,154752.77918786503,139129.83066876465,152360.93535135678
2025-10,Emergency Care,25420.4,20208.94,25508.596666666665,20208.94,25508.596666666665,24778.429922101805,25238.757122055453,20099.942800703568,22019.501880897365
2025-10,Rheumatology,25836.79,26833.97,23738.61333333334,26833.97,23738.61333333334,25849.854684779308,23989.4004053565,20143.58817093819,23110.94639635497
2025-10,Antiplatelets,13655.01,13206.939999999999,14931.713333333333,13206.939999999999,14931.713333333333,21886.27349083206,20470.660429690583,16312.89125616856,19283.54601080751
2025-10,Insulin,6024.48,2283.23,4398.113333333334,2283.23,4398.113333333334,13441.71899759679,11506.54573779382,2497.595321036525,9364.69547846405
2025-10,Nephrology,18052.8,26149.34,15911.776666666667,26149.34,15911.776666666667,12609.430740884005,12528.03726531268,16968.516139291325,11991.592932646663
2025-10,Diuretics,104988.88,119681.84,146145.12666666668,119681.84,146145.12666666668,115465.3242749981,125037.85244637866,143295.4731771522,126610.9007246203
2025-10,Probiotics,191400.21,198396.86,196719.69999999998,198396.86,196719.69999999998,196832.40323096892,199175.75394454974,199837.51036539554,209426.43969191864
2025-10,Bone Health,11519.11,13742.06,11347.26,13742.06,11347.26,12084.3007269129,11397.83017412392,14349.267412985328,11039.663793878753
2025-10,Pediatrics,14278.52,13186.12,18993.013333333332,13186.12,18993.013333333332,18127.10469894899,18851.630396635126,17662.530424491903,15542.700141986828
2025-10,Endocrinology,77760.99,72103.2,84311.35333333333,72103.2,84311.35333333333,95747.19655545689,92197.19242210388,93308.81407438892,101020.11553563527
2025-10,Minerals,5747.03,13353.58,15868.973333333333,13353.58,15868.973333333333,19158.179345003413,18584.440973355202,15719.158229441839,16383.684048272324
2025-11,Endocrinology,81290.39,77760.99,77813.53666666667,77760.99,77813.53666666667,90752.23812083769,86796.43310779345,96766.04165801668,95716.54220717995
2025-11,Pain Management,167838.46,146942.37,156838.13000000003,146942.37,156838.13000000003,157347.40851529592,158557.6044514502,168557.04089517484,159394.7165979669
2025-11,Anti-inflammatory,13508.34,13630.01,13204.543333333333,13630.01,13204.543333333333,12561.428695788925,14246.631229615798,15172.47441969761,12308.350498247382
2025-11,Oral Rehydration,214123.63,188085.24,171664.51666666666,188085.24,171664.51666666666,160754.3579326404,162746.9849737358,144925.05159300682,163931.42150225185
2025-11,Fertility,43974.65,33302.99,36627.54333333333,33302.99,36627.54333333333,45016.381591676574,43726.481397518415,43819.54431564863,42815.74903872464
2025-11,Gastrointestinal,22102.34,23263.19,20241.51,23263.19,20241.51,22685.75893631449,22013.382850330607,19781.793660468928,19090.049713118995
2025-11,Anti-malarial,96945.94,95993.91,89332.45333333332,95993.91,89332.45333333332,111833.20412879315,107031.33755161878,96026.27258615398,111444.2737203641
2025-11,Vitamins,23993.35,28748.04,32660.213333333333,28748.04,32660.213333333333,36167.89402009547,35929.84305441915,31433.62950692142,33666.075015438604
2025-11,Antihistamines,94511.64,87146.34,91597.79,87146.34,91597.79,116330.66784434741,108731.38072317177,108431.34922963657,119773.545446416
2025-11,Geriatrics,22763.37,15235.92,13240.783333333333,15235.92,13240.783333333333,13266.027092015776,13885.81382846859,15432.007225528308,11984.738375491235
2025-11,Medical Nutrition,6298.99,13628.92,10006.533333333335,13628.92,10006.533333333335,8565.768706006327,9185.572615944531,11480.096020340841,7673.37739914331
2025-11,Liver Care,121910.86,138298.96,106800.12666666666,138298.96,106800.12666666666,103673.8923083442,107550.07762223025,115339.02770580859,114845.58415278062
2025-11,Minerals,9775.47,5747.03,11863.193333333335,5747.03,11863.193333333335,25353.134088340794,21995.661654215044,11693.596018642069,20266.934286317868
2025-11,Lipid Management,233.95999999999998,87.47,263.95,87.47,263.95,4180.461231479443,3070.798695773391,1606.750321857275,1263.100884660308
2025-11,Insulin,2711.0299999999997,6024.48,4934.683333333333,6024.48,4934.683333333333,8043.171826088335,7526.272707948433,5322.732936455543,5058.725522297943
2025-11,Allergy,18001.82,18079.86,17686.843333333334,18079.86,17686.843333333334,17431.85349982906,18210.818734259254,16946.749243248243,15579.838986825276
2025-11,Nephrology,9344.67,18052.8,17933.533333333333,18052.8,17933.533333333333,18523.782980219436,19175.98631861786,16407.47082234263,13755.401171291001
2025-11,Women Health,20204.05,16519.79,18627.156666666673,16519.79,18627.156666666673,23844.29269760697,22711.475218560656,17379.36164496846,19610.267538338405
2025-11,Ophthalmology,18328.65,17087.7,21451.526666666665,17087.7,21451.526666666665,18029.14194144541,20123.046466359345,18812.991541573763,18299.190881834962
2025-11,Immunology,95155.51,30029.4,66554.80666666667,30029.4,66554.80666666667,68926.42557033525,70150.9591293422,70161.61709346801,69199.74045128934
2025-11,Neurology,26333.32,27728.579999999998,29696.059999999998,27728.579999999998,29696.059999999998,38987.51210044132,36517.90216329347,30994.25809376759,32459.320904385433
2025-11,Analgesics,30939.18,21806.93,22114.72666666667,21806.93,22114.72666666667,21860.19227776719,22186.114748712505,19670.292058849333,23237.16995683686
2025-11,Hormonal Therapy,23100.27,26510.71,22444.646666666667,26510.71,22444.646666666667,27723.42393048394,25458.415617301776,20772.939851352723,22449.945242351034
2025-11,Oncology Support,735.73,728.06,654.0266666666668,728.06,654.0266666666668,5009.107527921376,4307.508028818534,1626.5385263476737,2189.5776140852354
2025-11,Wound Care,18651.75,9529.380000000001,12488.469999999996,9529.380000000001,12488.469999999996,19965.932280163688,18500.049385030477,15770.70863086865,16086.30806889998
2025-11,Anesthesia,17109.76,15949.18,17964.24,15949.18,17964.24,19428.515409952164,19937.154344219027,16903.15804872702,17095.30624104983
2025-11,Weight Management,25815.82,33216.61,42749.94666666666,33216.61,42749.94666666666,43081.61943310926,44022.76395187087,42292.34314213829,41516.205773887756
2025-11,Hepatology,897.93,529.25,511.9666666666667,529.25,511.9666666666667,4320.775695270219,3532.9910570525317,1612.3864283201237,1169.5180420273896
2025-11,Hypertension,22493.3,15493.68,25851.039999999997,15493.68,25851.039999999997,27917.99931118436,29224.00532949709,24084.920187323733,23369.217910800427
2025-11,Pediatrics,13739.91,14278.52,16056.493333333334,14278.52,16056.493333333334,18245.436534694098,17713.922881518418,16691.179797259905,15833.232345133321
2025-11,Emergency Care,39095.18,25420.4,22065.903333333332,25420.4,22065.903333333332,23410.906527042953,23431.196757544712,22033.693945315616,24747.298380529628
2025-11,Renal Care,28629.52,42829.97,31645.406666666666,42829.97,31645.406666666666,22755.56740804354,24696.189749681045,33089.078283514165,27219.594915716276
2025-11,Anticoagulants,117540.66,121412.3,97581.85666666667,121412.3,97581.85666666667,104433.06345058301,102759.8014561933,105002.46010554316,106768.52793500133
2025-11,Respiratory,5584.83,20324.54,15251.210000000001,20324.54,15251.210000000001,15325.167561502652,14935.902645364291,15853.301292480252,13847.076077143265
2025-11,Antidiabetics,19498.31,11691.08,16212.090000000002,11691.08,16212.090000000002,24700.07539920352,23620.764952536272,16154.274827141007,20864.848411944207
2025-11,Critical Care,13772.33,22026.48,21301.336666666666,22026.48,21301.336666666666,29008.478551804405,27095.194704994672,21081.408473593918,26293.450737373118
2025-11,Bone Health,15833.13,11519.11,11579.893333333333,11519.11,11579.893333333333,12240.706312633758,13208.679300314161,13678.977065524925,11096.588566694496
2025-11,Urology,25145.52,15859.47,21383.43333333333,15859.47,21383.43333333333,31877.36099160665,29259.300021134648,20890.01559467687,23918.69430205667
2025-11,Rare Disease,166150.17,160039.83000000002,133279.12333333332,160039.83000000002,133279.12333333332,134812.0372858195,136128.24237633633,119293.14867556661,122288.86168468194
2025-11,Dental Care,61157.03,107119.77,99100.49333333333,107119.77,99100.49333333333,94447.13524031597,96494.47795629081,107696.62386876985,99657.70935825078
2025-11,Smoking Cessation,156005.07,172295.44,175212.02000000002,172295.44,175212.02000000002,174706.40975903787,174198.564189841,137336.93848970073,153549.5213449436
2025-11,Dermatology,79462.56,92088.65,106684.52999999998,92088.65,106684.52999999998,94314.3800447321,97613.356215275,100170.26470881877,97640.1099116394
2025-11,Antivirals,16675.989999999998,13258.34,15061.949999999999,13258.34,15061.949999999999,20215.02528252886,19545.81614577056,16272.697098886265,17047.7578359263
2025-11,Cardiology,26016.89,19320.03,19109.246666666666,19320.03,19109.246666666666,25401.754507138507,23569.2284705797,18322.459554382476,21491.475490154175
2025-11,Rheumatology,17329.82,25836.79,25661.660000000003,25836.79,25661.660000000003,28373.844625118338,27198.68903192009,24223.248927169676,25024.627080539678
2025-11,Psychiatry,11596.97,15017.52,13519.86,15017.52,13519.86,20340.19991747402,18405.696496696954,15680.875364319749,17043.105687037903
2025-11,Diagnostic Aids,15422.99,21191.71,20262.52666666667,21191.71,20262.52666666667,19525.18292465214,19935.070758277394,19593.611342174765,18097.627888384242
2025-11,Antibiotics,612.83,2244.86,2048.8333333333335,2244.86,2048.8333333333335,2324.880052588716,2696.894936800715,1792.5489534445855,1004.4253743938561
2025-11,Vaccines,22395.17,17387.24,20593.906666666666,17387.24,20593.906666666666,29057.38014063716,27058.57090803351,19754.058684618354,23187.222548933212
2025-11,Antiplatelets,17732.55,13655.01,14502.546666666663,13655.01,14502.546666666663,21544.075673212978,20168.073272064405,17118.589891719366,19056.53774615499
2025-11,Sleep Care,1405.43,594.35,703.7233333333334,594.35,703.7233333333334,3028.6790440659242,3699.057371128498,1626.5385263476737,1499.5794950222266
2025-11,Antifungals,27030.89,24267.649999999998,24377.32666666667,24267.649999999998,24377.32666666667,34334.518893721295,32407.78001955621,21930.394205455632,28118.769091444803
2025-11,Probiotics,196626.96,191400.21,195274.18333333332,191400.21,195274.18333333332,194249.81727928686,198043.21451781775,192412.9878668197,208293.90026518665
2025-11,Diuretics,118659.73999999999,104988.88,121014.29333333333,104988.88,121014.29333333333,110799.56542307345,116072.15499090584,124439.39679481935,122126.09790884053
2025-11,Anti-tubercular,7800.05,5364.41,9433.963333333333,5364.41,9433.963333333333,26743.65695770885,21818.093001327165,8097.372079906567,20166.172573109838
2025-11,ENT,22350.27,17829.42,16640.416666666668,17829.42,16640.416666666668,23954.37793438447,21874.726258408173,16129.465333763004,18919.22105515299
2025-12,Medical Nutrition,15008.4,6298.99,9091.949999999999,6298.99,9091.949999999999,17341.06177155171,16941.714640197257,9775.511719247246,14718.617141047613
2025-12,Liver Care,96076.91,121910.86,122864.01666666666,121910.86,122864.01666666666,113395.83948398239,117981.88917408956,131286.0984920224,114681.38846586482
2025-12,Antidiabetics,23390.13,19498.31,15408.253333333332,19498.31,15408.253333333332,22419.72436527585,21332.25555106961,16726.142406296112,21179.61117684421
2025-12,Hypertension,27570.84,22493.3,21943.309999999998,22493.3,21943.309999999998,29346.156004486296,27310.338658532597,21418.138148709808,27815.4345147162
2025-12,Respiratory,10065.869999999999,5584.83,13736.073333333334,5584.83,13736.073333333334,23612.72211497221,23163.740761676014,11649.744518820877,20295.47962215036
2025-12,Neurology,39467.51,26333.32,29849.63333333333,26333.32,29849.63333333333,37049.600123230295,35357.25554192982,29881.046060176683,31559.16131307651
2025-12,Bone Health,12254.82,15833.13,13698.099999999999,15833.13,13698.099999999999,13678.065165944672,13845.691114292422,14274.299111950499,11970.01860306888
2025-12,Sleep Care,884.65,1405.43,939.6900000000002,1405.43,939.6900000000002,1806.3575735643385,2852.5006426622695,1645.6970488864768,383.1639406750064
2025-12,Antiplatelets,20601.81,17732.55,14864.833333333334,17732.55,14864.833333333334,22175.644910061925,20919.377765599096,16229.747108571453,18764.8192388776
2025-12,Immunology,106173.41,95155.51,66732.10666666667,95155.51,66732.10666666667,68427.28580180416,67987.22157273346,70451.85516441689,73433.81912180777
2025-12,Women Health,15668.68,20204.05,19411.986666666668,20204.05,19411.986666666668,25825.837369949495,24051.475753473635,18542.76327029504,24491.232476313653
2025-12,Antifungals,36889.0,27030.89,26939.286666666667,27030.89,26939.286666666667,34434.17553325053,33580.230551014196,31289.80860070105,31822.27983749128
2025-12,Nephrology,19474.04,9344.67,17848.936666666665,9344.67,17848.936666666665,18136.26226906908,20025.75440900408,17048.506064465335,18047.064996881247
2025-12,Antivirals,12592.970000000001,16675.989999999998,15898.476666666664,16675.989999999998,15898.476666666664,18526.67732812613,18774.105959329852,16744.866151141396,17900.02451483339
2025-12,Antihistamines,116877.51,94511.64,87082.63666666666,94511.64,87082.63666666666,116796.77681769023,109884.75594519773,96043.6919983177,113896.98319300843
2025-12,Allergy,17146.53,18001.82,17305.003333333334,18001.82,17305.003333333334,18430.0444029713,19280.504795561414,17758.977758591394,17034.998777791458
2025-12,Minerals,11056.75,9775.47,9625.359999999999,9775.47,9625.359999999999,22190.495668439868,19613.869221441477,11817.24111913397,17435.8960855545
2025-12,Lipid Management,488.97,233.95999999999998,215.23333333333332,233.95999999999998,215.23333333333332,3518.2715202866457,3106.1155246188964,1645.6970488864768,1298.4177135058135
2025-12,Rheumatology,27713.81,17329.82,23333.526666666672,17329.82,23333.526666666672,26699.687883860275,27283.000084780433,19626.701705984426,21660.338064706564
2025-12,Insulin,4830.6900000000005,2711.0299999999997,3672.9133333333325,2711.0299999999997,3672.9133333333325,13177.260678654411,10931.745144510043,2811.5713646167897,9124.04733339696
2025-12,Smoking Cessation,210555.88,156005.07,163234.70666666667,156005.07,163234.70666666667,173707.5678521495,172135.70762427294,178486.80861660495,170032.2282499715
2025-12,Analgesics,21677.84,30939.18,22595.49,30939.18,22595.49,23657.15904961595,23097.4606837019,22737.68482676791,25704.01567807359
2025-12,Pediatrics,18710.57,13739.91,13734.85,13739.91,13734.85,16347.150060529433,16430.32054257926,16834.410879509374,15286.43125178961
2025-12,Cardiology,16200.41,26016.89,19750.056666666667,26016.89,19750.056666666667,23391.08927101247,22547.162053754262,17629.875301613163,23577.225877428784
2025-12,Anti-tubercular,19304.44,7800.05,7262.363333333334,7800.05,7262.363333333334,23695.82920913871,19671.566886562177,8561.774340838143,17299.14750354947
2025-12,Anti-malarial,165982.38,96945.94,96147.97666666667,96945.94,96147.97666666667,112690.06535289662,109647.7875894208,109755.00854561506,122588.76528765056
2025-12,Diuretics,131644.78,118659.73999999999,114443.48666666665,118659.73999999999,114443.48666666665,110556.25633321772,114269.52162153025,125010.95407524901,127083.46988218612
2025-12,Emergency Care,38045.24,39095.18,28241.506666666668,39095.18,28241.506666666668,31015.511644222748,29174.23532048581,28343.854676796866,28276.034742436077
2025-12,Pain Management,203106.97,167838.46,167252.49666666667,167838.46,167252.49666666667,152923.33576988132,157559.13925347387,137398.77218639976,150294.03757385578
2025-12,Vaccines,17879.94,22395.17,20212.273333333334,22395.17,20212.273333333334,26115.04963313996,24739.679711644352,19640.017457830516,26943.06830610561
2025-12,Probiotics,248027.0,196626.96,195474.67666666667,196626.96,195474.67666666667,195459.03611555736,197924.396082278,199202.24592712242,208175.0818296469
2025-12,Diagnostic Aids,16871.13,15422.99,19657.326666666664,15422.99,19657.326666666664,26276.95412946049,24409.023724171882,17496.769507107227,21673.382312832735
2025-12,Vitamins,38616.25,23993.35,30176.390000000003,23993.35,30176.390000000003,35946.01712883322,35108.60149810964,35698.55229995116,32784.69688339344
2025-12,Endocrinology,77950.39,81290.39,77051.52666666667,81290.39,77051.52666666667,95633.08451236229,90719.87879629349,96199.06821120989,99356.0035149342
2025-12,Dermatology,142230.21,79462.56,92281.83333333333,79462.56,92281.83333333333,93459.29568216547,92955.2541093382,112972.19814287129,106445.57493655928
2025-12,Fertility,19769.23,43974.65,42466.56333333333,43974.65,42466.56333333333,37340.27917209294,39734.387706139074,35725.311353684294,41826.15335271149
2025-12,Oral Rehydration,196038.51,214123.63,178343.08,214123.63,178343.08,174851.06367620864,175965.80880765474,189622.96238935567,171057.19844562214
2025-12,Anti-inflammatory,10199.99,13508.34,14100.96,13508.34,14100.96,14645.029653265648,15920.796353344265,15775.623850135225,14908.855485417356
2025-12,Hormonal Therapy,26325.38,23100.27,23527.903333333332,23100.27,23527.903333333332,27151.64914493654,26862.22528242376,20283.857128297124,22794.31655057042
2025-12,Psychiatry,15526.61,11596.97,13563.190000000002,11596.97,13563.190000000002,19650.130853842886,18877.60957345921,16171.195316314968,17513.838792881146
2025-12,Gastrointestinal,21138.46,22102.34,22880.61,22102.34,22880.61,23719.093731400015,24676.123069179146,18927.787196141762,22549.49633040891
2025-12,Ophthalmology,14475.130000000001,18328.65,17905.756666666664,18328.65,17905.756666666664,18301.089768471673,19559.477094065773,17162.056083066866,17563.73134198657
2025-12,Dental Care,127554.56999999999,61157.03,84475.50333333334,61157.03,84475.50333333334,93429.06254805952,92602.22249352549,96302.52012622853,90259.50169450621
2025-12,Rare Disease,179421.99,166150.17,155229.15000000002,166150.17,155229.15000000002,142585.24241734386,148339.24368874778,162623.67437357455,148681.51093851656
2025-12,Geriatrics,14524.2,22763.37,17239.38666666667,22763.37,17239.38666666667,13710.651070581027,14898.969940773792,17500.557747843497,18926.805811280596
2025-12,Urology,41388.08,25145.52,23137.343333333334,25145.52,23137.343333333334,28054.8981555363,26585.3737534067,22499.69994911284,27305.39380618026
2025-12,Critical Care,38484.04,13772.33,18478.44,13772.33,18478.44,35139.233397556,30562.23973363508,18016.018053647495,27642.268124908365
2025-12,Weight Management,51942.54,25815.82,34831.10666666667,25815.82,34831.10666666667,43634.741285018295,41655.727610520866,32779.917274873544,36596.09985678471
2025-12,Hepatology,487.07,897.93,539.8133333333334,897.93,539.8133333333334,2665.321265160791,3019.7730904506243,1645.6970488864768,1340.5679631178016
2025-12,Anesthesia,9928.25,17109.76,16804.266666666666,17109.76,16804.266666666666,21710.527185744733,21212.096909546,15812.711679167995,18485.773299156826
2025-12,ENT,15871.81,22350.27,18531.570000000003,22350.27,18531.570000000003,21575.82371609667,20805.431572727433,18331.295135708933,20638.661701250112
2025-12,Oncology Support,1453.3600000000001,735.73,835.6500000000001,735.73,835.6500000000001,7287.282417430978,6181.935924952527,1645.6970488864768,4231.853910335154
2025-12,Anticoagulants,118155.92,117540.66,102010.17333333334,117540.66,102010.17333333334,117546.2062709195,115135.48580463298,109764.06812720382,118390.02255267135
2025-12,Renal Care,36252.34,28629.52,32646.326666666664,28629.52,32646.326666666664,28573.217220724688,31568.702069116192,36152.22500241444,30415.704256186295
2025-12,Antibiotics,1464.94,612.83,1594.4300000000003,612.83,1594.4300000000003,5946.57610366923,5857.551002542535,1952.5083876444403,3983.967370660065
2025-12,Wound Care,26763.41,18651.75,13728.959999999997,18651.75,13728.959999999997,18110.50998262094,17302.975598824596,16019.832510374601,16615.7724961722
